Country,Matches_Played,Win_Pct,Goal_Difference_Total,Titles,Continent,Team_Strength_Index
Algeria,15,0.2,-11.0,0,Africa,17.022061482820977
Angola,3,0.0,-1.0,0,Africa,6.685714285714285
Argentina,94,0.5531914893617021,58.0,2,South America,65.13153784002156
Australia,24,0.20833333333333334,-19.0,0,Oceania,16.15274261603376
Austria,31,0.41935483870967744,-5.0,0,Europe,31.267456104532464
Belgium,57,0.42105263157894735,2.0,0,Europe,32.56975349766822
Bolivia,6,0.0,-19.0,0,South America,3.5999999999999996
Bosnia and Herzegovina,7,0.2857142857142857,-3.0,0,Europe,23.55804701627487
Brazil,119,0.6638655462184874,135.0,4,South America,100.0
Bulgaria,26,0.11538461538461539,-31.0,0,Europe,8.495145360968147
Cameroon,26,0.19230769230769232,-25.0,0,Africa,14.158575601613578
Canada,11,0.18181818181818182,-7.0,0,North America,16.61226368568141
Cape Verde,4,0.0,-1.0,0,Africa,6.685714285714285
Chile,33,0.3333333333333333,-9.0,0,South America,25.398673899939723
China PR,3,0.0,-9.0,0,Asia,5.314285714285714
Colombia,26,0.46153846153846156,6.0,0,South America,35.6948671581583
Costa Rica,21,0.2857142857142857,-17.0,0,North America,21.158047016274868
Croatia,34,0.4411764705882353,9.0,0,Europe,34.98227848101266
Cuba,3,0.3333333333333333,-7.0,0,North America,25.74153104279687
Curaçao,3,0.0,-8.0,0,North America,5.485714285714286
Czechia,6,0.16666666666666666,-5.0,0,Europe,16.042194092827007
Czechoslovakia,30,0.36666666666666664,-1.0,0,Europe,28.778541289933695
DR Congo,3,0.0,-2.0,0,Africa,6.514285714285714
Denmark,23,0.391304347826087,2.0,0,Europe,30.777325261419925
Dutch East Indies,1,0.0,-6.0,0,Asia,5.828571428571428
Ecuador,17,0.35294117647058826,-2.0,0,South America,27.780108499095846
Egypt,12,0.08333333333333333,-6.0,0,Africa,10.84966847498493
El Salvador,6,0.0,-21.0,0,North America,3.257142857142857
England,81,0.4691358024691358,44.0,1,Europe,50.16691670573527
France,80,0.55,58.0,2,Europe,64.93924050632913
German DR,6,0.3333333333333333,0.0,0,Europe,26.94153104279686
Germany,54,0.6296296296296297,54.0,1,Europe,61.55146339829884
Germany FR,62,0.5806451612903226,54.0,3,Europe,73.59999416671528
Ghana,18,0.3333333333333333,-6.0,0,Africa,25.91295961422544
Greece,10,0.2,-15.0,0,Europe,16.336347197106694
Haiti,6,0.0,-18.0,0,North America,3.7714285714285714
Honduras,9,0.0,-11.0,0,North America,4.9714285714285715
Hungary,32,0.46875,30.0,0,Europe,40.24367088607595
Iceland,3,0.0,-3.0,0,Europe,6.342857142857143
Iran,21,0.14285714285714285,-18.0,0,Asia,12.379023508137434
Iraq,5,0.0,-11.0,0,Asia,4.9714285714285715
Israel,3,0.0,-2.0,0,Asia,6.514285714285714
Italy,83,0.5421686746987951,51.0,3,Europe,70.76737837425652
Ivory Coast,13,0.38461538461538464,0.0,0,Africa,30.031436917512867
Jamaica,3,0.3333333333333333,-6.0,0,North America,25.91295961422544
Japan,29,0.27586206896551724,-5.0,0,Asia,22.62156263640332
Jordan,1,0.0,-2.0,0,Asia,6.514285714285714
Korea DPR,7,0.14285714285714285,-15.0,0,Asia,12.893309222423147
Kuwait,3,0.0,-4.0,0,Asia,6.171428571428571
Mexico,65,0.3230769230769231,-32.0,0,North America,20.837835582139384
Morocco,29,0.27586206896551724,-3.0,0,Africa,22.964419779260464
Netherlands,59,0.5423728813559322,50.0,0,Europe,48.10825390014405
New Zealand,9,0.0,-16.0,0,Oceania,4.114285714285714
Nigeria,21,0.2857142857142857,-7.0,0,Africa,22.872332730560583
Northern Ireland,13,0.23076923076923078,-10.0,0,Europe,19.04743357907915
Norway,13,0.38461538461538464,0.0,0,Europe,30.031436917512867
Panama,6,0.0,-13.0,0,North America,4.628571428571428
Paraguay,32,0.25,-11.0,0,South America,20.03471971066908
Peru,18,0.2777777777777778,-12.0,0,South America,21.536990154711678
Poland,38,0.4473684210526316,-1.0,0,Europe,33.64107737698677
Portugal,38,0.47368421052631576,20.0,0,Europe,38.826686970591034
Qatar,6,0.0,-14.0,0,Asia,4.457142857142857
Republic of Ireland,13,0.15384615384615385,0.0,0,Europe,16.126860481290862
Republic of Korea,41,0.1951219512195122,-40.0,0,Asia,11.756715035504786
Romania,21,0.38095238095238093,-2.0,0,Europe,29.46787221217601
Russia,14,0.2857142857142857,4.0,0,Europe,24.75804701627487
Saudi Arabia,22,0.18181818181818182,-34.0,0,Asia,11.98369225710998
Scotland,26,0.19230769230769232,-19.0,0,Europe,15.187147030185006
Senegal,15,0.4,1.0,0,Africa,31.12983725135624
Serbia,9,0.2222222222222222,-6.0,0,Europe,19.218163552340766
Serbia and Montenegro,3,0.0,-8.0,0,Europe,5.485714285714286
Slovakia,4,0.25,-2.0,0,Europe,21.577576853526224
Slovenia,6,0.16666666666666666,-5.0,0,Europe,16.042194092827007
South Africa,13,0.23076923076923078,-7.0,0,Africa,19.561719293364867
Soviet Union,31,0.4838709677419355,19.0,0,Europe,39.26904275797702
Spain,75,0.5066666666666667,46.0,2,Europe,60.27112718505124
Sweden,55,0.36363636363636365,4.0,0,Europe,29.453098799934246
Switzerland,47,0.3617021276595745,-14.0,0,Europe,26.25084067561849
Togo,3,0.0,-5.0,0,Africa,6.0
Trinidad and Tobago,3,0.0,-4.0,0,North America,6.171428571428571
Tunisia,21,0.14285714285714285,-22.0,0,Africa,11.693309222423148
Turkey,13,0.46153846153846156,1.0,0,Europe,34.83772430101544
Ukraine,5,0.4,-2.0,0,Europe,30.61555153707053
United Arab Emirates,3,0.0,-9.0,0,Asia,5.314285714285714
United States,42,0.2857142857142857,-24.0,0,North America,19.958047016274865
Uruguay,62,0.4032258064516129,12.0,1,South America,40.70991658402847
Uzbekistan,1,0.0,-2.0,0,Asia,6.514285714285714
Wales,8,0.125,-5.0,0,Europe,13.531645569620254
Yugoslavia,37,0.43243243243243246,14.0,0,Europe,35.31256536826157
Zaire,3,0.0,-14.0,0,Africa,4.457142857142857
